{
  "properties": {
    "connectionReferences": {
      "shared_sharepointonline": {
        "runtimeSource": "embedded",
        "connection": {
          "connectionReferenceLogicalName": "new_sharedsharepointonline_52e51"
        },
        "api": {
          "name": "shared_sharepointonline"
        }
      }
    },
    "definition": {
      "$schema": "https://schema.management.azure.com/providers/Microsoft.Logic/schemas/2016-06-01/workflowdefinition.json#",
      "contentVersion": "1.0.0.0",
      "parameters": {
        "$connections": {
          "defaultValue": {},
          "type": "Object"
        },
        "$authentication": {
          "defaultValue": {},
          "type": "SecureObject"
        }
      },
      "triggers": {
        "manual": {
          "metadata": {
            "operationMetadataId": "add986b4-5023-4800-8d56-f377bc61b24b"
          },
          "type": "Request",
          "kind": "Button",
          "inputs": {
            "schema": {
              "type": "object",
              "properties": {
                "number": {
                  "title": "ItemID",
                  "type": "number",
                  "x-ms-dynamically-added": true,
                  "description": "Please enter the Item ID of the SharePoint list item.",
                  "x-ms-content-hint": "NUMBER"
                }
              },
              "required": [
                "number"
              ]
            }
          }
        }
      },
      "actions": {
        "Init_strSysUserKeywords": {
          "runAfter": {
            "Init_strNewLine": [
              "Succeeded"
            ]
          },
          "metadata": {
            "operationMetadataId": "d06f166b-b3b9-459a-ae17-2da508d091be"
          },
          "type": "InitializeVariable",
          "inputs": {
            "variables": [
              {
                "name": "strSysUserKeywords",
                "type": "string",
                "value": "----------------@{variables('strNewLine')}"
              }
            ]
          }
        },
        "Respond_to_a_PowerApp_or_flow": {
          "runAfter": {
            "Update_Coverage_Model_List_Item": [
              "Succeeded"
            ]
          },
          "metadata": {
            "operationMetadataId": "c8d10832-b108-42a0-80b8-17bf814490ef"
          },
          "type": "Response",
          "kind": "PowerApp",
          "inputs": {
            "statusCode": 200,
            "body": {
              "itemid": "@{triggerBody()['number']}",
              "succeeded": "@{variables('blnSuceeded')}"
            },
            "schema": {
              "type": "object",
              "properties": {
                "itemid": {
                  "title": "ItemID",
                  "x-ms-dynamically-added": true,
                  "type": "number"
                },
                "succeeded": {
                  "title": "Succeeded",
                  "x-ms-dynamically-added": true,
                  "type": "boolean"
                }
              }
            }
          }
        },
        "Get_Coverage_Model_List_Item": {
          "runAfter": {
            "Init_blnSuceeded": [
              "Succeeded"
            ]
          },
          "metadata": {
            "operationMetadataId": "76439cb0-6d0d-494b-8ac4-e3296b685fb7"
          },
          "type": "OpenApiConnection",
          "inputs": {
            "host": {
              "apiId": "/providers/Microsoft.PowerApps/apis/shared_sharepointonline",
              "connectionName": "shared_sharepointonline",
              "operationId": "GetItem"
            },
            "parameters": {
              "dataset": "https://microsoft.sharepoint.com/teams/MFGCustomerSuccessManagers",
              "table": "b249af0f-3578-43f5-a9fe-bf3f131467d0",
              "id": "@triggerBody()['number']"
            },
            "authentication": {
              "value": "@json(decodeBase64(triggerOutputs().headers['X-MS-APIM-Tokens']))['$ConnectionKey']",
              "type": "Raw"
            }
          }
        },
        "Init_blnSuceeded": {
          "runAfter": {
            "Init_strSysUserKeywords": [
              "Succeeded"
            ]
          },
          "metadata": {
            "operationMetadataId": "c40bcb20-f10f-4485-aa1a-271dd1ab8f10"
          },
          "type": "InitializeVariable",
          "inputs": {
            "variables": [
              {
                "name": "blnSuceeded",
                "type": "boolean",
                "value": true
              }
            ]
          }
        },
        "Init_strNewLine": {
          "runAfter": {},
          "metadata": {
            "operationMetadataId": "7b6b9677-5fcc-46b2-937c-0ec5b6f35c48"
          },
          "type": "InitializeVariable",
          "inputs": {
            "variables": [
              {
                "name": "strNewLine",
                "type": "string",
                "value": "\n"
              }
            ]
          }
        },
        "Append_CSM_to_strSysUserKeywords": {
          "runAfter": {
            "Get_Coverage_Model_List_Item": [
              "Succeeded"
            ]
          },
          "metadata": {
            "operationMetadataId": "f13a31a9-ecad-4cc5-ad84-63c365474e5b"
          },
          "type": "AppendToStringVariable",
          "inputs": {
            "name": "strSysUserKeywords",
            "value": "@{outputs('Get_Coverage_Model_List_Item')?['body/CSM/DisplayName']} : @{outputs('Get_Coverage_Model_List_Item')?['body/CSM/Email']} @{variables('strNewLine')}"
          }
        },
        "Append_Voice_CSM_to_strSysUserKeywords": {
          "runAfter": {
            "Append_CSM_to_strSysUserKeywords": [
              "Succeeded"
            ]
          },
          "metadata": {
            "operationMetadataId": "f4c4bbe9-7e4f-46e1-9d24-fd02676ec38f"
          },
          "type": "AppendToStringVariable",
          "inputs": {
            "name": "strSysUserKeywords",
            "value": "@{outputs('Get_Coverage_Model_List_Item')?['body/VoiceCSM/DisplayName']} : @{outputs('Get_Coverage_Model_List_Item')?['body/VoiceCSM/Email']} @{variables('strNewLine')}"
          }
        },
        "Append_App_CSM_to_strSysUserKeywords": {
          "runAfter": {
            "Append_Voice_CSM_to_strSysUserKeywords": [
              "Succeeded"
            ]
          },
          "metadata": {
            "operationMetadataId": "d8e70234-98c2-459b-8b4d-65dc691f917f"
          },
          "type": "AppendToStringVariable",
          "inputs": {
            "name": "strSysUserKeywords",
            "value": "@{outputs('Get_Coverage_Model_List_Item')?['body/PlatformCSM/DisplayName']} : @{outputs('Get_Coverage_Model_List_Item')?['body/PlatformCSM/Email']} @{variables('strNewLine')}"
          }
        },
        "Apply_to_Each_CSAM": {
          "foreach": "@outputs('Get_Coverage_Model_List_Item')?['body/CSAM']",
          "actions": {
            "Append_CSAM_to_strSysUserKeywords": {
              "runAfter": {},
              "metadata": {
                "operationMetadataId": "c15e4993-25f4-44dd-a012-9b6b41ba8886"
              },
              "type": "AppendToStringVariable",
              "inputs": {
                "name": "strSysUserKeywords",
                "value": "@{items('Apply_to_Each_CSAM')?['DisplayName']} : @{items('Apply_to_Each_CSAM')?['Email']} @{variables('strNewLine')}"
              }
            }
          },
          "runAfter": {
            "Append_App_CSM_to_strSysUserKeywords": [
              "Succeeded"
            ]
          },
          "metadata": {
            "operationMetadataId": "2d91ad58-0e4b-4d5a-9299-73bd414fa104"
          },
          "type": "Foreach",
          "description": "CSAMs is a multi-valued field."
        },
        "Update_Coverage_Model_List_Item": {
          "actions": {
            "Compose": {
              "runAfter": {},
              "metadata": {
                "operationMetadataId": "21a6e89c-6130-47f8-97b4-904e5026dc8f"
              },
              "type": "Compose",
              "inputs": {
                "__metadata": {
                  "type": "SP.Data.CSM_x0020_Coverage_x0020_ModelListItem"
                },
                "SysUserKeywords": "@{variables('strSysUserKeywords')}"
              }
            }
          },
          "runAfter": {
            "Apply_to_Each_CSAM": [
              "Succeeded"
            ]
          },
          "metadata": {
            "operationMetadataId": "874849dd-3b85-449b-a6e7-309d1662106b"
          },
          "type": "Scope"
        }
      }
    }
  },
  "schemaVersion": "1.0.0.0"
}